{
  "project_info": {
    "project_number": "847774157771",
    "project_id": "habittracker-6809b",
    "storage_bucket": "habittracker-6809b.appspot.com"
  },
  "client": [
    {
      "client_info": {
        "mobilesdk_app_id": "1:847774157771:android:b966aa3db5987e0fc7044e",
        "android_client_info": {
          "package_name": "com.uncc.habittracker"
        }
      },
      "oauth_client": [],
      "api_key": [
        {
          "current_key": "AIzaSyAoDWXq42VDMqgOyLosCIRZ42qmjZUuX-c"
        }
      ],
      "services": {
        "appinvite_service": {
          "other_platform_oauth_client": []
        }
      }
    }
  ],
  "configuration_version": "1"
}